{
  "summary": {
    "brain_init": {
      "total": 0.011225875000000052,
      "mean": 0.011225875000000052,
      "min": 0.011225875000000052,
      "max": 0.011225875000000052,
      "count": 1
    },
    "world_model_step": {
      "total": 0.006108125000000353,
      "mean": 0.0006108125000000353,
      "min": 0.0003344160000002816,
      "max": 0.001571500000000059,
      "count": 10
    },
    "set_observation": {
      "total": 0.0008148759999999644,
      "mean": 8.148759999999644e-05,
      "min": 5.041999999733093e-06,
      "max": 0.0007372500000000226,
      "count": 10
    },
    "evolve_network": {
      "total": 7.137467751,
      "mean": 0.7137467751,
      "min": 0.021791000000000338,
      "max": 1.9953336250000007,
      "count": 10
    },
    "learn_world_model": {
      "total": 3.302742958999999,
      "mean": 0.3302742958999999,
      "min": 4.5900000000820285e-07,
      "max": 0.7305942089999999,
      "count": 10
    },
    "prepare_states": {
      "total": 6.254100000058216e-05,
      "mean": 6.254100000058216e-06,
      "min": 2.166000000247692e-06,
      "max": 1.5583999999790876e-05,
      "count": 10
    },
    "create_inference_loop": {
      "total": 4.550000000058674e-05,
      "mean": 4.550000000058674e-06,
      "min": 2.750000000162345e-06,
      "max": 8.499999999855845e-06,
      "count": 10
    },
    "reset_states_for_grad": {
      "total": 0.0003173339999997804,
      "mean": 1.586669999998902e-05,
      "min": 7.584000000449009e-06,
      "max": 0.00011929199999904938,
      "count": 20
    },
    "compute_free_energy": {
      "total": 0.14950000199999947,
      "mean": 0.0074750000999999735,
      "min": 0.00046791699999992886,
      "max": 0.015500959000000591,
      "count": 20
    },
    "backward": {
      "total": 1.4708087490000021,
      "mean": 0.0735404374500001,
      "min": 0.010922583000000152,
      "max": 0.2147017499999997,
      "count": 20
    },
    "update_states": {
      "total": 0.0020295850000005,
      "mean": 0.000101479250000025,
      "min": 6.96250000000731e-05,
      "max": 0.00022691699999999315,
      "count": 20
    },
    "sanitize_states": {
      "total": 0.001294456999999083,
      "mean": 6.472284999995415e-05,
      "min": 4.8790999999326345e-05,
      "max": 0.00010375000000006906,
      "count": 20
    },
    "inference_iter_0": {
      "total": 0.7949730020000019,
      "mean": 0.07949730020000019,
      "min": 0.013191541999999945,
      "max": 0.20501999999999931,
      "count": 10
    },
    "inference_iter_1": {
      "total": 0.829192374999999,
      "mean": 0.0829192374999999,
      "min": 0.013801166000000364,
      "max": 0.22827674999999914,
      "count": 10
    },
    "final_sanitize": {
      "total": 0.0004112909999984815,
      "mean": 4.112909999984815e-05,
      "min": 2.5416999999805512e-05,
      "max": 0.00014587499999985098,
      "count": 10
    },
    "update_semantic_context": {
      "total": 0.00023691699999983662,
      "mean": 2.369169999998366e-05,
      "min": 1.4874999999747729e-05,
      "max": 4.5499999999920604e-05,
      "count": 10
    },
    "get_action": {
      "total": 3.108400000018108e-05,
      "mean": 3.1084000000181076e-06,
      "min": 1.9170000005175325e-06,
      "max": 8.084000000074809e-06,
      "count": 10
    },
    "total_step_time": {
      "total": 12.072335540999998,
      "mean": 1.2072335540999997,
      "min": 0.11260916600000015,
      "max": 2.5476485419999992,
      "count": 10
    }
  },
  "all_timings": {
    "brain_init": [
      0.011225875000000052
    ],
    "world_model_step": [
      0.0010084999999999678,
      0.001571500000000059,
      0.00039316699999991656,
      0.00039537500000008663,
      0.0005126249999998223,
      0.0003344160000002816,
      0.0004959159999984308,
      0.00036154200000027004,
      0.0005422920000004439,
      0.0004927920000010744
    ],
    "set_observation": [
      0.0007372500000000226,
      1.1084000000050054e-05,
      5.375000000196195e-06,
      7.833000000179169e-06,
      1.045900000029576e-05,
      5.999999999950489e-06,
      9.457999999185063e-06,
      5.041999999733093e-06,
      1.491599999958737e-05,
      7.459000000764604e-06
    ],
    "evolve_network": [
      0.05604924999999983,
      0.3396685829999999,
      0.6072218339999997,
      1.5221949999999995,
      1.9093929589999998,
      1.9953336250000007,
      0.605595375,
      0.02991962500000156,
      0.021791000000000338,
      0.05030049999999875
    ],
    "learn_world_model": [
      4.5900000000820285e-07,
      0.7305942089999999,
      0.09861379200000009,
      0.3180536250000001,
      0.2308071250000001,
      0.42080591600000083,
      0.2175594169999986,
      0.3778389579999999,
      0.45614345799999967,
      0.45232599999999934
    ],
    "prepare_states": [
      1.3207999999931275e-05,
      2.166000000247692e-06,
      3.3329999999942572e-06,
      5.7499999996935e-06,
      3.37499999947255e-06,
      5.917000001076644e-06,
      5.666999999931477e-06,
      1.5583999999790876e-05,
      3.95800000063673e-06,
      3.582999999807157e-06
    ],
    "create_inference_loop": [
      8.499999999855845e-06,
      4.208000000005541e-06,
      2.750000000162345e-06,
      3.874999999986528e-06,
      2.958000000496952e-06,
      4.167000000165899e-06,
      4.582999999058757e-06,
      7.916999999579843e-06,
      3.459000000205492e-06,
      3.0830000010695358e-06
    ],
    "reset_states_for_grad": [
      1.0582999999897424e-05,
      9.708000000108186e-06,
      9.208999999898992e-06,
      8.625000000428429e-06,
      9.833000000014636e-06,
      7.709000000133415e-06,
      1.358399999951132e-05,
      1.0083000000271625e-05,
      9.458000000073241e-06,
      8.082999999992069e-06,
      2.041599999991206e-05,
      8.000000001118224e-06,
      1.1749999998755811e-05,
      7.584000000449009e-06,
      0.00011929199999904938,
      1.1416999999624977e-05,
      9.042000000292205e-06,
      9.041999998515848e-06,
      1.0041000001237421e-05,
      1.387500000049613e-05
    ],
    "compute_free_energy": [
      0.00046791699999992886,
      0.0013647500000000257,
      0.0021021249999999547,
      0.0020822090000001126,
      0.003428707999999947,
      0.003958292000000085,
      0.006826832999999866,
      0.006169250000000126,
      0.0065707499999998475,
      0.0070323749999996465,
      0.007726832999999544,
      0.008490749999999991,
      0.009952791999999988,
      0.009741875000001343,
      0.015500959000000591,
      0.01106633399999879,
      0.010821417000000721,
      0.010943415999999928,
      0.01190962499999948,
      0.013342791999999548
    ],
    "backward": [
      0.038773625000000145,
      0.013321666000000176,
      0.010922583000000152,
      0.011583083000000105,
      0.022424916999999933,
      0.022443583000000267,
      0.03623883400000061,
      0.1043941669999997,
      0.05357791599999917,
      0.04485741700000023,
      0.05796883400000041,
      0.0566033749999999,
      0.0623270420000015,
      0.06310558300000046,
      0.13919416699999942,
      0.10656341600000019,
      0.19399591699999874,
      0.11549191599999986,
      0.10231895800000146,
      0.2147017499999997
    ],
    "update_states": [
      0.00016008300000014408,
      0.00022691699999999315,
      8.345899999984141e-05,
      6.96250000000731e-05,
      7.670799999992539e-05,
      7.933299999995924e-05,
      0.00010358400000054502,
      9.158399999975586e-05,
      7.287499999986125e-05,
      7.90420000003067e-05,
      7.037499999995589e-05,
      7.124999999952308e-05,
      7.204199999932825e-05,
      7.95419999999325e-05,
      0.00010349999999981208,
      0.00010929200000120431,
      0.000108916000000292,
      0.00013704200000042022,
      0.00010916599999966081,
      0.00012524999999996567
    ],