{
  "summary": {
    "brain_init": {
      "total": 0.004442040999999897,
      "mean": 0.004442040999999897,
      "min": 0.004442040999999897,
      "max": 0.004442040999999897,
      "count": 1
    },
    "world_model_step": {
      "total": 0.0028342090000008646,
      "mean": 0.0005668418000001729,
      "min": 0.00039104199999684397,
      "max": 0.0009521249999995263,
      "count": 5
    },
    "set_observation": {
      "total": 0.00012741699999940792,
      "mean": 2.5483399999881585e-05,
      "min": 6.83300000048348e-06,
      "max": 9.762499999999008e-05,
      "count": 5
    },
    "evolve_network": {
      "total": 16.66185258400001,
      "mean": 3.332370516800002,
      "min": 0.21422212499999915,
      "max": 13.228781083000001,
      "count": 5
    },
    "learn_world_model": {
      "total": 1.7403377930000037,
      "mean": 0.3480675586000007,
      "min": 7.07999999960407e-07,
      "max": 0.7148647090000004,
      "count": 5
    },
    "prepare_states": {
      "total": 2.8667000011139976e-05,
      "mean": 5.733400002227995e-06,
      "min": 2.166999999886343e-06,
      "max": 1.541700000018409e-05,
      "count": 5
    },
    "create_inference_loop": {
      "total": 2.879200000549531e-05,
      "mean": 5.758400001099062e-06,
      "min": 3.5420000017438724e-06,
      "max": 1.2500000000414957e-05,
      "count": 5
    },
    "reset_states_for_grad": {
      "total": 9.783400001950326e-05,
      "mean": 9.783400001950326e-06,
      "min": 8.000000008223651e-06,
      "max": 1.7624999999910074e-05,
      "count": 10
    },
    "compute_free_energy": {
      "total": 69.93461516599999,
      "mean": 6.993461516599998,
      "min": 0.0006380840000002053,
      "max": 18.227798665999998,
      "count": 10
    },
    "backward": {
      "total": 0.3927396239999954,
      "mean": 0.03927396239999954,
      "min": 0.006093584000000263,
      "max": 0.11496749999999167,
      "count": 10
    },
    "update_states": {
      "total": 0.0009207500000059099,
      "mean": 9.207500000059099e-05,
      "min": 6.65000000026339e-05,
      "max": 0.000151041000000518,
      "count": 10
    },
    "sanitize_states": {
      "total": 0.0005801270000134195,
      "mean": 5.801270000134195e-05,
      "min": 4.841700000035587e-05,
      "max": 6.500000000642103e-05,
      "count": 10
    },
    "inference_iter_0": {
      "total": 0.2536191240000001,
      "mean": 0.05072382480000002,
      "min": 0.017852749999999418,
      "max": 0.12532620800000416,
      "count": 5
    },
    "inference_iter_1": {
      "total": 70.07542641500001,
      "mean": 14.015085283000001,
      "min": 0.007163999999999504,
      "max": 18.264072458,
      "count": 5
    },
    "final_sanitize": {
      "total": 0.00015316799998110753,
      "mean": 3.0633599996221506e-05,
      "min": 2.304200000047274e-05,
      "max": 3.4916999993583886e-05,
      "count": 5
    },
    "update_semantic_context": {
      "total": 0.0001054580000143801,
      "mean": 2.1091600002876022e-05,
      "min": 1.8750000002398792e-05,
      "max": 2.341700000840774e-05,
      "count": 5
    },
    "get_action": {
      "total": 1.603999999488792e-05,
      "mean": 3.2079999989775843e-06,
      "min": 2.0829999982652225e-06,
      "max": 6.9160000002455035e-06,
      "count": 5
    },
    "total_step_time": {
      "total": 88.73463104199999,
      "mean": 17.746926208399998,
      "min": 13.255409375000001,
      "max": 19.130919667,
      "count": 5
    }
  },
  "all_timings": {
    "brain_init": [
      0.004442040999999897
    ],
    "world_model_step": [
      0.0006583749999999888,
      0.0009521249999995263,
      0.0004114589999986151,
      0.00039104199999684397,
      0.0004212080000058904
    ],
    "set_observation": [
      9.762499999999008e-05,
      6.83300000048348e-06,
      8.45799999638075e-06,
      7.666999998434676e-06,
      6.834000004118934e-06
    ],
    "evolve_network": [
      13.228781083000001,
      0.21422212499999915,
      0.6415927090000011,
      1.0190330000000003,
      1.5582236670000071
    ],
    "learn_world_model": [
      7.07999999960407e-07,
      0.7148647090000004,
      0.1879794170000011,
      0.41260854200000097,
      0.42488441700000124
    ],
    "prepare_states": [
      1.541700000018409e-05,
      2.166999999886343e-06,
      3.3330000022147033e-06,
      4.2919999998503044e-06,
      3.458000009004536e-06
    ],
    "create_inference_loop": [
      1.2500000000414957e-05,
      4.541999999219115e-06,
      3.5420000017438724e-06,
      3.624999997953182e-06,
      4.583000006164184e-06
    ],
    "reset_states_for_grad": [
      1.7624999999910074e-05,
      8.792000000923395e-06,
      9.125000000054229e-06,
      9.249999999738634e-06,
      8.416000000011081e-06,
      8.083000004432961e-06,
      1.0709000001440927e-05,
      8.917000002384157e-06,
      8.917000002384157e-06,
      8.000000008223651e-06
    ],
    "compute_free_energy": [
      0.0006380840000002053,
      0.0009162499999995077,
      0.0021922500000002287,
      17.987070125,
      0.0032506249999997294,
      18.227798665999998,
      0.004833040999997706,
      17.004105791,
      0.010218874999992522,
      16.693591459000004
    ],
    "backward": [
      0.017726915999999093,
      0.006093584000000263,
      0.01549491699999983,
      0.012527290999997831,
      0.03337637499999602,
      0.03611395800000139,
      0.050052792000002455,
      0.04367783300000383,
      0.11496749999999167,
      0.06270845800000302
    ],
    "update_states": [
      0.000151041000000518,
      9.008399999999028e-05,
      9.06250000003439e-05,
      8.508300000187319e-05,
      7.904200000297124e-05,
      8.350000000234559e-05,
      9.566599999999426e-05,
      9.270900000046822e-05,
      6.65000000026339e-05,
      8.649999999477131e-05
    ],
    "sanitize_states": [
      5.254200000059939e-05,
      4.841700000035587e-05,
      5.716700000135688e-05,
      6.220899999931362e-05,
      5.545799999850942e-05,
      5.937499999930651e-05,
      6.329199999299817e-05,
      6.191700001068057e-05,
      5.4750000003878085e-05,
      6.500000000642103e-05
    ],
    "inference_iter_0": [
      0.018597124999999437,
      0.017852749999999418,
      0.036777915999998356,
      0.055065124999998716,
      0.12532620800000416
    ],
    "inference_iter_1": [
      0.007163999999999504,
      17.999762583,
      18.264072458,
      17.047958333000004,
      16.756469041000003
    ],
    "final_sanitize": [
      2.304200000047274e-05,
      3.233400000368647e-05,
      3.095799999641713e-05,
      3.4916999993583886e-05,
      3.19169999869473e-05
    ],
    "update_semantic_context": [
      2.1332999999401636e-05,
      1.8750000002398792e-05,
      2.0583000001295204e-05,
      2.341700000840774e-05,
      2.1375000002876732e-05
    ],
    "get_action": [
      6.9160000002455035e-06,
      2.3749999940037014e-06,
      2.2500000014247235e-06,
      2.0829999982652225e-06,
      2.4160000009487703e-06
    ],
    "total_step_time": [
      13.255409375000001,
      18.947738832999995,
      19.130919667,
      18.535150916999996,
      18.86541224999999
    ]
  }
}